feature,importance,cumulative
TEMP,0.19297155016735176,0.19297155016735176
temp_lag1,0.17328906903769162,0.3662606192050434
temp_roll3_mean,0.13746510472678586,0.5037257239318292
month_cos,0.08299891569189427,0.5867246396237236
is_warm_season,0.06294739151486364,0.6496720311385872
WIND,0.06130211647772282,0.7109741476163101
temp_x_no2,0.048872217879318405,0.7598463654956285
no2_roll3_max,0.04644506394363929,0.8062914294392678
no2_per_wind,0.0449960661724976,0.8512874956117654
NO2,0.03905344487092483,0.8903409404826903
no2_roll3_mean,0.03566534102513065,0.9260062815078209
no2_lag1,0.03143667196683441,0.9574429534746554
month_sin,0.023468241179997,0.9809111946546524
no2_x_weekend,0.01501008691692327,0.9959212815715757
dow_is_weekend,0.004078718428424404,1.0
